<?xml version="1.0" standalone="no" ?>
<!DOCTYPE ClassResponses SYSTEM "class.dtd">
<ClassResponses>
   <Student sid="998801234">
       <QuestionResponse QID="N-15" Response="1950" />
       <QuestionResponse QID="TF-01" Response="False" /> 
       <QuestionResponse QID="MC-05" Response="2" />
       <QuestionResponse QID="MC-08" Response="4" />
   </Student>
   <Student sid="001078452">
       <QuestionResponse QID="N-15" Response="1960" />
       <QuestionResponse QID="TF-01" Response="False" />
       <QuestionResponse QID="MC-05" Response="3" />
       <QuestionResponse QID="MC-08" Response="4" />
   </Student>
   <Student sid="997733991">
       <QuestionResponse QID="N-15" Response="1960" />
       <QuestionResponse QID="TF-01" Response="True" />
       <QuestionResponse QID="MC-05" Response="3" />
       <QuestionResponse QID="MC-08" Response="2" />
   </Student>
   <Student sid="555555555">
       <QuestionResponse QID="TF-01" Response="False" />
       <QuestionResponse QID="MC-05" Response="4" />
   </Student>
</ClassResponses>
